algorithm,confusion matrix,accuracy,precision,recall
XGBoost,"[[1217   88]
 [ 113  607]]",0.9007407407407407,0.8733812949640288,0.8430555555555556
logistic regression,"[[1195  110]
 [ 227  493]]",0.8335802469135802,0.8175787728026535,0.6847222222222222
random forest,"[[1235   70]
 [ 126  594]]",0.9032098765432098,0.8945783132530121,0.825
gradient-boosted trees,"[[1222   83]
 [ 158  562]]",0.8809876543209877,0.8713178294573644,0.7805555555555556
decision trees,"[[1163  142]
 [ 134  586]]",0.8637037037037038,0.804945054945055,0.8138888888888889
naive bayes,"[[859 446]
 [204 516]]",0.6790123456790124,0.5363825363825364,0.7166666666666667
support vector machine,"[[1161  144]
 [ 194  526]]",0.8330864197530864,0.7850746268656716,0.7305555555555555
