algorithm,confusion matrix,accuracy,precision,recall
XGBoost,"[[ 623  114]
 [  93 1195]]",0.8977777777777778,0.9129106187929718,0.9277950310559007
logistic regression,"[[ 402  335]
 [  64 1224]]",0.802962962962963,0.7851186658114175,0.9503105590062112
random forest,"[[ 635  102]
 [  95 1193]]",0.9027160493827161,0.9212355212355212,0.9262422360248447
gradient-boosted trees,"[[ 589  148]
 [  62 1226]]",0.8962962962962963,0.8922852983988355,0.9518633540372671
decision trees,"[[ 628  109]
 [ 154 1134]]",0.8701234567901235,0.912308930008045,0.8804347826086957
naive bayes,"[[ 296  441]
 [ 126 1162]]",0.72,0.7248908296943232,0.9021739130434783
support vector machine,"[[ 470  267]
 [  80 1208]]",0.8286419753086419,0.8189830508474576,0.937888198757764
