algorithm,confusion matrix,accuracy,precision,recall
XGBoost,"[[ 686   67]
 [  60 1212]]",0.937283950617284,0.947615324472244,0.9528301886792453
logistic regression,"[[ 462  291]
 [ 189 1083]]",0.762962962962963,0.7882096069868996,0.8514150943396226
random forest,"[[ 687   66]
 [  56 1216]]",0.9397530864197531,0.9485179407176287,0.9559748427672956
gradient-boosted trees,"[[ 667   86]
 [  40 1232]]",0.9377777777777778,0.9347496206373292,0.9685534591194969
decision trees,"[[ 679   74]
 [  91 1181]]",0.9185185185185185,0.9410358565737051,0.9284591194968553
naive bayes,"[[507 246]
 [323 949]]",0.7190123456790124,0.7941422594142259,0.7460691823899371
support vector machine,"[[530 223]
 [297 975]]",0.7432098765432099,0.8138564273789649,0.7665094339622641
