algorithm,confusion matrix,accuracy,precision,recall,rand index,mutual information based score,homogeneity,completeness,v-measure
KMeans,"[[2209 2021]
 [1038 1482]]",0.5468148148148149,0.4230659434770197,0.5880952380952381,0.5043098181898004,0.008353008495087574,0.008664735356212799,0.008267781692862743,0.008461605577477674
hierarchical clustering,"[[2358 1872]
 [ 401 2119]]",0.6632592592592592,0.5309446254071661,0.8408730158730159,0.5532409849470155,0.12340587534185737,0.12496955239048377,0.12207051751557847,0.12350302475057871
HDBSCAN,"[[3791  439]
 [2047  473]]",0.6317037037037037,0.518640350877193,0.1876984126984127,0.5346227863661558,0.012807533442977132,0.01035255530027518,0.017273215897873482,0.012946022140971857
OPTICS,"[[3404  826]
 [2004  516]]",0.5807407407407408,0.38450074515648286,0.20476190476190476,0.5129659812427629,-1.4079285657953213e-05,9.980925209412289e-05,0.00013221835053302345,0.00011375038599201294
BIRCH,"[[2209 2021]
 [1038 1482]]",0.5468148148148149,0.4230659434770197,0.5880952380952381,0.5043098181898004,0.008353008495087574,0.008664735356212799,0.008267781692862743,0.008461605577477674
