algorithm,confusion matrix,accuracy,precision,recall,rand index,mutual information based score,homogeneity,completeness,v-measure
KMeans,"[[44206 52570]
 [ 1980  3524]]",0.4666601486116543,0.06282311833707704,0.6402616279069767,0.5022182245276989,0.00218245895143259,0.004698852651178482,0.0014305325714483708,0.002193323317690442
KMeans balanced,"[[3029 2475]
 [3524 1980]]",0.4550327034883721,0.4444444444444444,0.35973837209302323,0.5039990572859554,0.006079124173251554,0.006064131836742631,0.006228330780679124,0.006145134649154978
hierarchical clustering balanced,"[[2460 3044]
 [1973 3531]]",0.5442405523255814,0.5370342205323194,0.6415334302325582,0.5038693829349611,0.005894722778606318,0.005878858604438438,0.006045023303574077,0.005960783163806227
HDBSCAN,"[[55214 41562]
 [ 3573  1931]]",0.5587113805240517,0.04439794909525671,0.3508357558139535,0.5068892312214028,0.0014604704880548732,0.0031293977011360215,0.0009618355120309368,0.0014714222746009804
HDBSCAN balanced,"[[2529 2975]
 [3100 2404]]",0.44812863372093026,0.4469232199293549,0.4367732558139535,0.5053363405369944,0.007717981603004149,0.007781578223737531,0.007784474729330111,0.007783026207045317
OPTICS,"[[63814 32962]
 [ 3581  1923]]",0.6427160735236606,0.05512397878744446,0.34938226744186046,0.5407312649757012,8.960952246917124e-06,4.1525272534321967e-05,1.3562100181870932e-05,2.0446424595029726e-05
OPTICS balanced,"[[3374 2130]
 [3634 1870]]",0.47638081395348836,0.4675,0.3397529069767442,0.5010704076264365,0.0017220217320640544,0.0017404771925897385,0.0018409045623111427,0.0017892828096599351
BIRCH,"[[44315 52461]
 [ 1983  3521]]",0.4676965193586234,0.06289521631953128,0.6397165697674418,0.5020821615393015,0.0022070519652820464,0.004752646549720906,0.0014464676793282335,0.002217913518427486
BIRCH balanced,"[[2481 3023]
 [1983 3521]]",0.5452398255813954,0.5380501222493888,0.6397165697674418,0.5040482298790833,0.006148518362118473,0.006133999917630244,0.006297159702984071,0.006214509068865122
