algorithm,confusion matrix,accuracy,precision,recall,rand index,mutual information based score,homogeneity,completeness,v-measure
KMeans,"[[44247 52529]
 [ 1982  3522]]",0.46704145482987874,0.06283563183529285,0.6398982558139535,0.5021676640516328,0.002184428376389188,0.0047034957230950815,0.0014317769335397148,0.0021952917368872216
KMeans balanced,"[[2923 2581]
 [3522 1982]]",0.44558502906976744,0.43436335744028054,0.3601017441860465,0.5058770905037175,0.008849825168847008,0.008821026084062378,0.0090119773803942,0.008915479403105673
hierarchical clustering balanced,"[[2463 3041]
 [1910 3594]]",0.5502361918604651,0.5416729464958553,0.6529796511627907,0.505002382865238,0.007671242358754076,0.007618613604148604,0.007859725342959667,0.007737291530746734
HDBSCAN,"[[66326 30450]
 [ 4251  1253]]",0.6607254595228784,0.039523073526164715,0.22765261627906977,0.551660963229922,0.0022835200670707403,0.004537427418414416,0.0015361945114896176,0.0022952930481666867
HDBSCAN balanced,"[[3450 2054]
 [4131 1373]]",0.4381359011627907,0.40064196089874526,0.24945494186046513,0.5076096032176142,0.013592272936267148,0.01294122262981516,0.014464473413412313,0.013660515709636155
OPTICS,"[[59131 37645]
 [ 3280  2224]]",0.5998728979272585,0.05578268830419624,0.40406976744186046,0.51994449793852,4.406440732804253e-05,0.00011564621002182664,3.62495994790343e-05,5.519742523951245e-05
OPTICS balanced,"[[2950 2554]
 [3357 2147]]",0.46302688953488375,0.4567113380131887,0.39007994186046513,0.5026888445460711,0.003999770672886136,0.004034231200223845,0.0040973668700037096,0.004065553934903208
BIRCH,"[[42166 54610]
 [ 1903  3601]]",0.4474677356276887,0.061861160261806186,0.6542514534883721,0.5055144429740696,0.0019089246502617865,0.0040905849131692255,0.0012542591232010858,0.0019198515098507738
BIRCH balanced,"[[2463 3041]
 [1910 3594]]",0.5502361918604651,0.5416729464958553,0.6529796511627907,0.505002382865238,0.007671242358754076,0.007618613604148604,0.007859725342959667,0.007737291530746734
