algorithm,confusion matrix,accuracy,precision,recall,rand index,mutual information based score,homogeneity,completeness,v-measure
KMeans,"[[44247 52529]
 [ 1982  3522]]",0.46704145482987874,0.06283563183529285,0.6398982558139535,0.5021676640516328,0.002184428376389188,0.0047034957230950815,0.0014317769335397148,0.0021952917368872216
KMeans balanced,"[[2505 2999]
 [1982 3522]]",0.5475109011627907,0.5401012114706334,0.6398982558139535,0.5044695559749504,0.006774234012205529,0.006755429498535404,0.006927012397541725,0.006840145091424115
hierarchical clustering balanced,"[[2314 3190]
 [1872 3632]]",0.5401526162790697,0.5323951920257989,0.6598837209302325,0.5031793324966565,0.004980726780805402,0.004941921181598721,0.00515733419506001,0.005047330352306172
HDBSCAN,"[[76221 20555]
 [ 4639   865]]",0.7536761830269848,0.0403828197945845,0.15715843023255813,0.628699581435449,0.0013717600618611998,0.002388570286743883,0.0009755137629034947,0.0013852704950253804
HDBSCAN balanced,"[[3809 1695]
 [4317 1187]]",0.4538517441860465,0.4118667591950035,0.21566133720930233,0.504214284356044,0.00865383650659329,0.007980919328173424,0.009621769593476591,0.008724867804186657
OPTICS,"[[54700 42076]
 [ 3025  2479]]",0.5590438013296832,0.055639097744360905,0.4503997093023256,0.5069675205316821,4.545129850647862e-05,0.00012030555276577775,3.681944890697147e-05,5.638293213845361e-05
OPTICS balanced,"[[2569 2935]
 [2987 2517]]",0.46202761627906974,0.46166544387380776,0.45730377906976744,0.5028386402099299,0.004099693970094898,0.004164831620141181,0.004165099800058806,0.004164965705783003
BIRCH,"[[37827 58949]
 [ 1750  3754]]",0.40654086820492763,0.05986954372199097,0.6820494186046512,0.517464500842384,0.001322702061068862,0.0027904472724139926,0.0008763721299736305,0.0013338372858571698
BIRCH balanced,"[[2207 3297]
 [1773 3731]]",0.5394258720930233,0.5308764940239044,0.6778706395348837,0.5030636555806981,0.004937880221833056,0.004864752750262433,0.005153522220491906,0.005004975700679702
